,Test Name,Test Start Time,Num of replans,Robot ID,Successful Misions,Mission1 Duration,Mission2 Duration,Mission3 Duration,Mission1 Start Time,Mission1 End Time,Mission2 Start Time,Mission2 End Time,Mission3 Start Time,Mission3 End Time
1,BRSU_Floor0,26-07-2019 24:01:32,1.0,1,3,25.4,10.421,13.383,26-07-2019 24:01:38,26-07-2019 24:02:04,26-07-2019 24:02:04,26-07-2019 24:02:14,26-07-2019 24:02:14,26-07-2019 24:02:27
2,BRSU_Floor0,26-07-2019 24:01:32,1.0,2,3,41.697,15.798,18.472,26-07-2019 24:01:39,26-07-2019 24:02:21,26-07-2019 24:02:21,26-07-2019 24:02:37,26-07-2019 24:02:37,26-07-2019 24:02:55
3,BRSU_Floor0,26-07-2019 24:01:32,1.0,3,3,28.858,13.897,22.776,26-07-2019 24:01:39,26-07-2019 24:02:08,26-07-2019 24:02:08,26-07-2019 24:02:22,26-07-2019 24:02:22,26-07-2019 24:02:45
4,BRSU_Floor0,26-07-2019 24:01:32,1.0,4,3,49.121,12.161,11.781,26-07-2019 24:01:39,26-07-2019 24:02:28,26-07-2019 24:02:28,26-07-2019 24:02:40,26-07-2019 24:02:40,26-07-2019 24:02:52
5,BRSU_Floor0,26-07-2019 24:01:32,1.0,5,3,39.439,10.854,12.592,26-07-2019 24:01:39,26-07-2019 24:02:18,26-07-2019 24:02:18,26-07-2019 24:02:29,26-07-2019 24:02:29,26-07-2019 24:02:41
6,BRSU_Floor0,26-07-2019 24:03:42,0.0,1,3,34.042,16.624,19.696,26-07-2019 24:03:49,26-07-2019 24:04:23,26-07-2019 24:04:23,26-07-2019 24:04:39,26-07-2019 24:04:39,26-07-2019 24:04:59
7,BRSU_Floor0,26-07-2019 24:03:42,0.0,2,3,19.471,13.165,26.725,26-07-2019 24:03:50,26-07-2019 24:04:09,26-07-2019 24:04:09,26-07-2019 24:04:22,26-07-2019 24:04:22,26-07-2019 24:04:49
8,BRSU_Floor0,26-07-2019 24:03:42,0.0,3,3,30.913,19.07,21.375,26-07-2019 24:03:49,26-07-2019 24:04:20,26-07-2019 24:04:20,26-07-2019 24:04:39,26-07-2019 24:04:39,26-07-2019 24:05:01
9,BRSU_Floor0,26-07-2019 24:03:42,0.0,4,3,35.025,19.433,11.649,26-07-2019 24:03:49,26-07-2019 24:04:24,26-07-2019 24:04:24,26-07-2019 24:04:44,26-07-2019 24:04:44,26-07-2019 24:04:55
10,BRSU_Floor0,26-07-2019 24:03:42,0.0,5,3,35.679,8.345,12.786,26-07-2019 24:03:49,26-07-2019 24:04:25,26-07-2019 24:04:25,26-07-2019 24:04:33,26-07-2019 24:04:33,26-07-2019 24:04:46
11,BRSU_Floor0,26-07-2019 24:05:53,0.0,1,3,21.665,10.341,13.376,26-07-2019 24:05:59,26-07-2019 24:06:21,26-07-2019 24:06:21,26-07-2019 24:06:31,26-07-2019 24:06:31,26-07-2019 24:06:44
12,BRSU_Floor0,26-07-2019 24:05:53,0.0,2,3,37.336,17.887,19.485,26-07-2019 24:06:00,26-07-2019 24:06:37,26-07-2019 24:06:37,26-07-2019 24:06:55,26-07-2019 24:06:55,26-07-2019 24:07:15
13,BRSU_Floor0,26-07-2019 24:05:53,0.0,3,3,25.163,13.171,24.758,26-07-2019 24:06:00,26-07-2019 24:06:25,26-07-2019 24:06:25,26-07-2019 24:06:38,26-07-2019 24:06:38,26-07-2019 24:07:03
14,BRSU_Floor0,26-07-2019 24:05:53,0.0,4,3,36.967,21.503,11.562,26-07-2019 24:06:00,26-07-2019 24:06:37,26-07-2019 24:06:37,26-07-2019 24:06:58,26-07-2019 24:06:58,26-07-2019 24:07:10
15,BRSU_Floor0,26-07-2019 24:05:53,0.0,5,3,39.275,8.337,13.205,26-07-2019 24:05:59,26-07-2019 24:06:39,26-07-2019 24:06:39,26-07-2019 24:06:47,26-07-2019 24:06:47,26-07-2019 24:07:00
16,BRSU_Floor0,26-07-2019 24:08:03,0.0,1,3,26.144,10.995,13.311,26-07-2019 24:08:10,26-07-2019 24:08:36,26-07-2019 24:08:36,26-07-2019 24:08:47,26-07-2019 24:08:47,26-07-2019 24:09:00
17,BRSU_Floor0,26-07-2019 24:08:03,0.0,2,3,18.848,13.584,20.013,26-07-2019 24:08:11,26-07-2019 24:08:29,26-07-2019 24:08:29,26-07-2019 24:08:43,26-07-2019 24:08:43,26-07-2019 24:09:03
18,BRSU_Floor0,26-07-2019 24:08:03,0.0,3,3,33.526,16.024,20.53,26-07-2019 24:08:10,26-07-2019 24:08:44,26-07-2019 24:08:44,26-07-2019 24:09:00,26-07-2019 24:09:00,26-07-2019 24:09:21
19,BRSU_Floor0,26-07-2019 24:08:03,0.0,4,3,30.43,21.003,16.392,26-07-2019 24:08:10,26-07-2019 24:08:41,26-07-2019 24:08:41,26-07-2019 24:09:02,26-07-2019 24:09:02,26-07-2019 24:09:18
20,BRSU_Floor0,26-07-2019 24:08:03,0.0,5,3,43.927,8.304,12.786,26-07-2019 24:08:10,26-07-2019 24:08:54,26-07-2019 24:08:54,26-07-2019 24:09:02,26-07-2019 24:09:02,26-07-2019 24:09:15
21,BRSU_Floor0,26-07-2019 24:10:14,2.0,1,3,35.995,18.157,13.588,26-07-2019 24:10:20,26-07-2019 24:10:56,26-07-2019 24:10:56,26-07-2019 24:11:14,26-07-2019 24:11:14,26-07-2019 24:11:28
22,BRSU_Floor0,26-07-2019 24:10:14,2.0,2,3,34.993,17.425,18.504,26-07-2019 24:10:21,26-07-2019 24:10:56,26-07-2019 24:10:56,26-07-2019 24:11:14,26-07-2019 24:11:14,26-07-2019 24:11:32
23,BRSU_Floor0,26-07-2019 24:10:14,2.0,3,3,22.994,13.056,24.911,26-07-2019 24:10:21,26-07-2019 24:10:44,26-07-2019 24:10:44,26-07-2019 24:10:57,26-07-2019 24:10:57,26-07-2019 24:11:22
24,BRSU_Floor0,26-07-2019 24:10:14,2.0,4,3,28.575,23.567,12.065,26-07-2019 24:10:21,26-07-2019 24:10:49,26-07-2019 24:10:49,26-07-2019 24:11:13,26-07-2019 24:11:13,26-07-2019 24:11:25
25,BRSU_Floor0,26-07-2019 24:10:14,2.0,5,3,36.896,8.34,12.865,26-07-2019 24:10:21,26-07-2019 24:10:58,26-07-2019 24:10:58,26-07-2019 24:11:06,26-07-2019 24:11:06,26-07-2019 24:11:19
26,BRSU_Floor0,26-07-2019 24:12:24,0.0,1,3,30.287,23.455,13.656,26-07-2019 24:12:31,26-07-2019 24:13:01,26-07-2019 24:13:01,26-07-2019 24:13:25,26-07-2019 24:13:25,26-07-2019 24:13:38
27,BRSU_Floor0,26-07-2019 24:12:24,0.0,2,3,37.791,16.81,18.296,26-07-2019 24:12:32,26-07-2019 24:13:10,26-07-2019 24:13:10,26-07-2019 24:13:26,26-07-2019 24:13:26,26-07-2019 24:13:45
28,BRSU_Floor0,26-07-2019 24:12:24,0.0,3,3,40.914,19.246,23.488,26-07-2019 24:12:32,26-07-2019 24:13:13,26-07-2019 24:13:13,26-07-2019 24:13:32,26-07-2019 24:13:32,26-07-2019 24:13:55
29,BRSU_Floor0,26-07-2019 24:12:24,0.0,4,3,57.038,12.071,11.448,26-07-2019 24:12:31,26-07-2019 24:13:28,26-07-2019 24:13:28,26-07-2019 24:13:40,26-07-2019 24:13:40,26-07-2019 24:13:52
30,BRSU_Floor0,26-07-2019 24:12:24,0.0,5,3,34.838,13.193,13.243,26-07-2019 24:12:31,26-07-2019 24:13:06,26-07-2019 24:13:06,26-07-2019 24:13:19,26-07-2019 24:13:19,26-07-2019 24:13:32
31,BRSU_Floor0,26-07-2019 24:14:35,0.0,1,3,39.019,12.604,18.728,26-07-2019 24:14:42,26-07-2019 24:15:21,26-07-2019 24:15:21,26-07-2019 24:15:33,26-07-2019 24:15:33,26-07-2019 24:15:52
32,BRSU_Floor0,26-07-2019 24:14:35,0.0,2,3,18.742,13.084,39.056,26-07-2019 24:14:43,26-07-2019 24:15:01,26-07-2019 24:15:01,26-07-2019 24:15:14,26-07-2019 24:15:14,26-07-2019 24:15:53
33,BRSU_Floor0,26-07-2019 24:14:35,0.0,3,3,24.049,13.214,28.54,26-07-2019 24:14:42,26-07-2019 24:15:06,26-07-2019 24:15:06,26-07-2019 24:15:20,26-07-2019 24:15:20,26-07-2019 24:15:48
34,BRSU_Floor0,26-07-2019 24:14:35,0.0,4,3,36.306,15.99,11.148,26-07-2019 24:14:42,26-07-2019 24:15:18,26-07-2019 24:15:18,26-07-2019 24:15:34,26-07-2019 24:15:34,26-07-2019 24:15:46
35,BRSU_Floor0,26-07-2019 24:14:35,0.0,5,3,37.869,8.637,13.107,26-07-2019 24:14:42,26-07-2019 24:15:20,26-07-2019 24:15:20,26-07-2019 24:15:28,26-07-2019 24:15:28,26-07-2019 24:15:42
36,BRSU_Floor0,26-07-2019 24:16:46,0.0,1,3,23.016,11.796,13.316,26-07-2019 24:16:52,26-07-2019 24:17:15,26-07-2019 24:17:15,26-07-2019 24:17:27,26-07-2019 24:17:27,26-07-2019 24:17:40
37,BRSU_Floor0,26-07-2019 24:16:46,0.0,2,3,35.28,15.357,18.323,26-07-2019 24:16:53,26-07-2019 24:17:29,26-07-2019 24:17:29,26-07-2019 24:17:44,26-07-2019 24:17:44,26-07-2019 24:18:02
38,BRSU_Floor0,26-07-2019 24:16:46,0.0,3,3,47.312,20.364,18.019,26-07-2019 24:16:53,26-07-2019 24:17:40,26-07-2019 24:17:40,26-07-2019 24:18:01,26-07-2019 24:18:01,26-07-2019 24:18:19
39,BRSU_Floor0,26-07-2019 24:16:46,0.0,4,3,30.989,15.359,11.484,26-07-2019 24:16:53,26-07-2019 24:17:24,26-07-2019 24:17:24,26-07-2019 24:17:39,26-07-2019 24:17:39,26-07-2019 24:17:51
40,BRSU_Floor0,26-07-2019 24:16:46,0.0,5,3,38.858,12.353,12.758,26-07-2019 24:16:53,26-07-2019 24:17:31,26-07-2019 24:17:31,26-07-2019 24:17:44,26-07-2019 24:17:44,26-07-2019 24:17:57
41,BRSU_Floor0,26-07-2019 24:18:56,0.0,1,3,43.086,16.425,14.72,26-07-2019 24:19:03,26-07-2019 24:19:46,26-07-2019 24:19:46,26-07-2019 24:20:03,26-07-2019 24:20:03,26-07-2019 24:20:17
42,BRSU_Floor0,26-07-2019 24:18:56,0.0,2,3,28.568,13.037,28.383,26-07-2019 24:19:04,26-07-2019 24:19:33,26-07-2019 24:19:33,26-07-2019 24:19:46,26-07-2019 24:19:46,26-07-2019 24:20:14
43,BRSU_Floor0,26-07-2019 24:18:56,0.0,3,3,49.67,13.228,20.074,26-07-2019 24:19:04,26-07-2019 24:19:54,26-07-2019 24:19:54,26-07-2019 24:20:07,26-07-2019 24:20:07,26-07-2019 24:20:27
44,BRSU_Floor0,26-07-2019 24:18:56,0.0,4,3,35.028,12.323,11.416,26-07-2019 24:19:04,26-07-2019 24:19:39,26-07-2019 24:19:39,26-07-2019 24:19:51,26-07-2019 24:19:51,26-07-2019 24:20:02
45,BRSU_Floor0,26-07-2019 24:18:56,0.0,5,3,46.553,8.46,12.669,26-07-2019 24:19:03,26-07-2019 24:19:50,26-07-2019 24:19:50,26-07-2019 24:19:59,26-07-2019 24:19:59,26-07-2019 24:20:11
46,BRSU_Floor0,26-07-2019 24:21:07,0.0,1,3,25.055,10.236,15.426,26-07-2019 24:21:14,26-07-2019 24:21:39,26-07-2019 24:21:39,26-07-2019 24:21:49,26-07-2019 24:21:49,26-07-2019 24:22:05
47,BRSU_Floor0,26-07-2019 24:21:07,0.0,2,3,19.38,14.524,19.558,26-07-2019 24:21:15,26-07-2019 24:21:35,26-07-2019 24:21:35,26-07-2019 24:21:49,26-07-2019 24:21:49,26-07-2019 24:22:09
48,BRSU_Floor0,26-07-2019 24:21:07,0.0,3,3,39.472,15.428,19.213,26-07-2019 24:21:15,26-07-2019 24:21:54,26-07-2019 24:21:54,26-07-2019 24:22:10,26-07-2019 24:22:10,26-07-2019 24:22:29
49,BRSU_Floor0,26-07-2019 24:21:07,0.0,4,3,46.456,13.609,11.352,26-07-2019 24:21:15,26-07-2019 24:22:01,26-07-2019 24:22:01,26-07-2019 24:22:15,26-07-2019 24:22:15,26-07-2019 24:22:26
50,BRSU_Floor0,26-07-2019 24:21:07,0.0,5,3,40.906,8.833,12.779,26-07-2019 24:21:14,26-07-2019 24:21:55,26-07-2019 24:21:55,26-07-2019 24:22:04,26-07-2019 24:22:04,26-07-2019 24:22:17
51,BRSU_Floor0,26-07-2019 24:23:18,0.0,1,3,35.853,21.143,16.887,26-07-2019 24:23:25,26-07-2019 24:24:01,26-07-2019 24:24:01,26-07-2019 24:24:22,26-07-2019 24:24:22,26-07-2019 24:24:39
52,BRSU_Floor0,26-07-2019 24:23:18,0.0,2,3,22.085,13.505,39.292,26-07-2019 24:23:26,26-07-2019 24:23:48,26-07-2019 24:23:48,26-07-2019 24:24:02,26-07-2019 24:24:02,26-07-2019 24:24:41
53,BRSU_Floor0,26-07-2019 24:23:18,0.0,3,3,32.659,20.463,23.937,26-07-2019 24:23:26,26-07-2019 24:23:59,26-07-2019 24:23:59,26-07-2019 24:24:19,26-07-2019 24:24:19,26-07-2019 24:24:43
54,BRSU_Floor0,26-07-2019 24:23:18,0.0,4,3,37.434,17.969,11.706,26-07-2019 24:23:25,26-07-2019 24:24:03,26-07-2019 24:24:03,26-07-2019 24:24:21,26-07-2019 24:24:21,26-07-2019 24:24:33
55,BRSU_Floor0,26-07-2019 24:23:18,0.0,5,3,42.655,8.35,19.586,26-07-2019 24:23:26,26-07-2019 24:24:08,26-07-2019 24:24:08,26-07-2019 24:24:17,26-07-2019 24:24:17,26-07-2019 24:24:36
56,BRSU_Floor0,26-07-2019 24:25:29,0.0,1,3,31.649,21.915,15.613,26-07-2019 24:25:36,26-07-2019 24:26:08,26-07-2019 24:26:08,26-07-2019 24:26:30,26-07-2019 24:26:30,26-07-2019 24:26:45
57,BRSU_Floor0,26-07-2019 24:25:29,0.0,2,3,25.678,13.298,31.319,26-07-2019 24:25:37,26-07-2019 24:26:03,26-07-2019 24:26:03,26-07-2019 24:26:16,26-07-2019 24:26:16,26-07-2019 24:26:47
58,BRSU_Floor0,26-07-2019 24:25:29,0.0,3,3,37.777,17.551,19.878,26-07-2019 24:25:37,26-07-2019 24:26:15,26-07-2019 24:26:15,26-07-2019 24:26:32,26-07-2019 24:26:32,26-07-2019 24:26:52
59,BRSU_Floor0,26-07-2019 24:25:29,0.0,4,3,36.917,16.869,11.645,26-07-2019 24:25:37,26-07-2019 24:26:13,26-07-2019 24:26:13,26-07-2019 24:26:30,26-07-2019 24:26:30,26-07-2019 24:26:42
60,BRSU_Floor0,26-07-2019 24:25:29,0.0,5,3,39.376,8.452,12.91,26-07-2019 24:25:36,26-07-2019 24:26:16,26-07-2019 24:26:16,26-07-2019 24:26:24,26-07-2019 24:26:24,26-07-2019 24:26:37
61,BRSU_Floor0,26-07-2019 24:27:40,0.0,1,3,40.676,18.21,14.877,26-07-2019 24:27:47,26-07-2019 24:28:28,26-07-2019 24:28:28,26-07-2019 24:28:46,26-07-2019 24:28:46,26-07-2019 24:29:01
62,BRSU_Floor0,26-07-2019 24:27:40,0.0,2,3,19.877,14.777,18.235,26-07-2019 24:27:48,26-07-2019 24:28:08,26-07-2019 24:28:08,26-07-2019 24:28:23,26-07-2019 24:28:23,26-07-2019 24:28:41
63,BRSU_Floor0,26-07-2019 24:27:40,0.0,3,3,41.197,22.592,18.307,26-07-2019 24:27:48,26-07-2019 24:28:29,26-07-2019 24:28:29,26-07-2019 24:28:51,26-07-2019 24:28:51,26-07-2019 24:29:10
64,BRSU_Floor0,26-07-2019 24:27:40,0.0,4,3,45.734,12.363,11.45,26-07-2019 24:27:47,26-07-2019 24:28:33,26-07-2019 24:28:33,26-07-2019 24:28:46,26-07-2019 24:28:46,26-07-2019 24:28:57
65,BRSU_Floor0,26-07-2019 24:27:40,0.0,5,3,24.799,8.477,13.54,26-07-2019 24:27:47,26-07-2019 24:28:12,26-07-2019 24:28:12,26-07-2019 24:28:21,26-07-2019 24:28:21,26-07-2019 24:28:34
66,BRSU_Floor0,26-07-2019 24:29:51,0.0,1,3,29.011,15.515,13.105,26-07-2019 24:29:58,26-07-2019 24:30:27,26-07-2019 24:30:27,26-07-2019 24:30:42,26-07-2019 24:30:42,26-07-2019 24:30:56
67,BRSU_Floor0,26-07-2019 24:29:51,0.0,2,3,19.237,15.176,25.238,26-07-2019 24:29:59,26-07-2019 24:30:18,26-07-2019 24:30:18,26-07-2019 24:30:33,26-07-2019 24:30:33,26-07-2019 24:30:59
68,BRSU_Floor0,26-07-2019 24:29:51,0.0,3,3,31.304,20.49,26.926,26-07-2019 24:29:59,26-07-2019 24:30:30,26-07-2019 24:30:30,26-07-2019 24:30:51,26-07-2019 24:30:51,26-07-2019 24:31:17
69,BRSU_Floor0,26-07-2019 24:29:51,0.0,4,3,49.801,12.136,11.885,26-07-2019 24:29:58,26-07-2019 24:30:48,26-07-2019 24:30:48,26-07-2019 24:31:00,26-07-2019 24:31:00,26-07-2019 24:31:12
70,BRSU_Floor0,26-07-2019 24:29:51,0.0,5,3,49.924,8.398,18.095,26-07-2019 24:29:58,26-07-2019 24:30:48,26-07-2019 24:30:48,26-07-2019 24:30:57,26-07-2019 24:30:57,26-07-2019 24:31:15
71,BRSU_Floor0,26-07-2019 24:32:02,0.0,1,3,37.348,20.1,14.482,26-07-2019 24:32:09,26-07-2019 24:32:47,26-07-2019 24:32:47,26-07-2019 24:33:07,26-07-2019 24:33:07,26-07-2019 24:33:21
72,BRSU_Floor0,26-07-2019 24:32:02,0.0,2,3,22.401,13.075,26.115,26-07-2019 24:32:10,26-07-2019 24:32:33,26-07-2019 24:32:33,26-07-2019 24:32:46,26-07-2019 24:32:46,26-07-2019 24:33:12
73,BRSU_Floor0,26-07-2019 24:32:02,0.0,3,3,41.984,13.112,18.648,26-07-2019 24:32:10,26-07-2019 24:32:52,26-07-2019 24:32:52,26-07-2019 24:33:05,26-07-2019 24:33:05,26-07-2019 24:33:24
74,BRSU_Floor0,26-07-2019 24:32:02,0.0,4,3,34.624,22.148,11.426,26-07-2019 24:32:10,26-07-2019 24:32:44,26-07-2019 24:32:44,26-07-2019 24:33:07,26-07-2019 24:33:07,26-07-2019 24:33:18
75,BRSU_Floor0,26-07-2019 24:32:02,0.0,5,3,38.153,8.483,12.788,26-07-2019 24:32:09,26-07-2019 24:32:48,26-07-2019 24:32:48,26-07-2019 24:32:56,26-07-2019 24:32:56,26-07-2019 24:33:09
76,BRSU_Floor0,26-07-2019 24:34:14,0.0,1,3,22.301,10.413,14.81,26-07-2019 24:34:20,26-07-2019 24:34:42,26-07-2019 24:34:42,26-07-2019 24:34:53,26-07-2019 24:34:53,26-07-2019 24:35:08
77,BRSU_Floor0,26-07-2019 24:34:14,0.0,2,3,50.267,20.097,18.929,26-07-2019 24:34:21,26-07-2019 24:35:11,26-07-2019 24:35:11,26-07-2019 24:35:32,26-07-2019 24:35:32,26-07-2019 24:35:50
78,BRSU_Floor0,26-07-2019 24:34:14,0.0,3,3,39.86,13.124,19.442,26-07-2019 24:34:21,26-07-2019 24:35:01,26-07-2019 24:35:01,26-07-2019 24:35:14,26-07-2019 24:35:14,26-07-2019 24:35:33
79,BRSU_Floor0,26-07-2019 24:34:14,0.0,4,3,53.751,12.452,11.483,26-07-2019 24:34:21,26-07-2019 24:35:14,26-07-2019 24:35:14,26-07-2019 24:35:27,26-07-2019 24:35:27,26-07-2019 24:35:38
80,BRSU_Floor0,26-07-2019 24:34:14,0.0,5,3,36.117,8.364,12.688,26-07-2019 24:34:20,26-07-2019 24:34:57,26-07-2019 24:34:57,26-07-2019 24:35:05,26-07-2019 24:35:05,26-07-2019 24:35:18
81,BRSU_Floor0,26-07-2019 24:36:25,0.0,1,3,27.321,10.18,13.203,26-07-2019 24:36:32,26-07-2019 24:36:59,26-07-2019 24:36:59,26-07-2019 24:37:09,26-07-2019 24:37:09,26-07-2019 24:37:22
82,BRSU_Floor0,26-07-2019 24:36:25,0.0,2,3,51.845,13.164,18.742,26-07-2019 24:36:33,26-07-2019 24:37:24,26-07-2019 24:37:24,26-07-2019 24:37:38,26-07-2019 24:37:38,26-07-2019 24:37:56
83,BRSU_Floor0,26-07-2019 24:36:25,0.0,3,3,50.925,17.017,19.244,26-07-2019 24:36:32,26-07-2019 24:37:23,26-07-2019 24:37:23,26-07-2019 24:37:40,26-07-2019 24:37:40,26-07-2019 24:38:00
84,BRSU_Floor0,26-07-2019 24:36:25,0.0,4,3,31.219,18.155,11.506,26-07-2019 24:36:32,26-07-2019 24:37:03,26-07-2019 24:37:03,26-07-2019 24:37:21,26-07-2019 24:37:21,26-07-2019 24:37:33
85,BRSU_Floor0,26-07-2019 24:36:25,0.0,5,3,41.738,14.538,12.835,26-07-2019 24:36:32,26-07-2019 24:37:14,26-07-2019 24:37:14,26-07-2019 24:37:28,26-07-2019 24:37:28,26-07-2019 24:37:41
86,BRSU_Floor0,26-07-2019 24:38:37,0.0,1,3,30.176,16.175,13.563,26-07-2019 24:38:43,26-07-2019 24:39:13,26-07-2019 24:39:13,26-07-2019 24:39:29,26-07-2019 24:39:29,26-07-2019 24:39:43
87,BRSU_Floor0,26-07-2019 24:38:37,0.0,2,3,37.863,13.043,18.712,26-07-2019 24:38:44,26-07-2019 24:39:22,26-07-2019 24:39:22,26-07-2019 24:39:35,26-07-2019 24:39:35,26-07-2019 24:39:54
88,BRSU_Floor0,26-07-2019 24:38:37,0.0,3,3,52.626,14.601,17.925,26-07-2019 24:38:44,26-07-2019 24:39:37,26-07-2019 24:39:37,26-07-2019 24:39:51,26-07-2019 24:39:51,26-07-2019 24:40:09
89,BRSU_Floor0,26-07-2019 24:38:37,0.0,4,3,51.044,16.107,11.816,26-07-2019 24:38:44,26-07-2019 24:39:35,26-07-2019 24:39:35,26-07-2019 24:39:51,26-07-2019 24:39:51,26-07-2019 24:40:03
90,BRSU_Floor0,26-07-2019 24:38:37,0.0,5,3,33.311,9.341,12.817,26-07-2019 24:38:43,26-07-2019 24:39:17,26-07-2019 24:39:17,26-07-2019 24:39:26,26-07-2019 24:39:26,26-07-2019 24:39:39
91,BRSU_Floor0,26-07-2019 24:40:47,0.0,1,3,34.855,10.394,13.238,26-07-2019 24:40:54,26-07-2019 24:41:29,26-07-2019 24:41:29,26-07-2019 24:41:40,26-07-2019 24:41:40,26-07-2019 24:41:53
92,BRSU_Floor0,26-07-2019 24:40:47,0.0,2,3,27.597,13.073,19.554,26-07-2019 24:40:55,26-07-2019 24:41:23,26-07-2019 24:41:23,26-07-2019 24:41:36,26-07-2019 24:41:36,26-07-2019 24:41:56
93,BRSU_Floor0,26-07-2019 24:40:47,0.0,3,3,40.265,17.917,23.992,26-07-2019 24:40:55,26-07-2019 24:41:35,26-07-2019 24:41:35,26-07-2019 24:41:53,26-07-2019 24:41:53,26-07-2019 24:42:17
94,BRSU_Floor0,26-07-2019 24:40:47,0.0,4,3,56.094,12.074,11.552,26-07-2019 24:40:55,26-07-2019 24:41:51,26-07-2019 24:41:51,26-07-2019 24:42:03,26-07-2019 24:42:03,26-07-2019 24:42:15
95,BRSU_Floor0,26-07-2019 24:40:47,0.0,5,3,50.482,8.381,12.784,26-07-2019 24:40:55,26-07-2019 24:41:45,26-07-2019 24:41:45,26-07-2019 24:41:54,26-07-2019 24:41:54,26-07-2019 24:42:06
96,BRSU_Floor0,26-07-2019 24:42:59,0.0,1,3,29.925,10.382,13.429,26-07-2019 24:43:06,26-07-2019 24:43:36,26-07-2019 24:43:36,26-07-2019 24:43:46,26-07-2019 24:43:46,26-07-2019 24:43:59
97,BRSU_Floor0,26-07-2019 24:42:59,0.0,2,3,43.777,16.035,19.501,26-07-2019 24:43:07,26-07-2019 24:43:51,26-07-2019 24:43:51,26-07-2019 24:44:07,26-07-2019 24:44:07,26-07-2019 24:44:26
98,BRSU_Floor0,26-07-2019 24:42:59,0.0,3,3,33.53,12.987,22.945,26-07-2019 24:43:06,26-07-2019 24:43:40,26-07-2019 24:43:40,26-07-2019 24:43:53,26-07-2019 24:43:53,26-07-2019 24:44:16
99,BRSU_Floor0,26-07-2019 24:42:59,0.0,4,3,52.005,12.626,11.777,26-07-2019 24:43:06,26-07-2019 24:43:58,26-07-2019 24:43:58,26-07-2019 24:44:11,26-07-2019 24:44:11,26-07-2019 24:44:23
100,BRSU_Floor0,26-07-2019 24:42:59,0.0,5,3,45.954,8.279,12.748,26-07-2019 24:43:06,26-07-2019 24:43:52,26-07-2019 24:43:52,26-07-2019 24:44:00,26-07-2019 24:44:00,26-07-2019 24:44:13
101,BRSU_Floor0,26-07-2019 24:45:10,1.0,1,3,22.219,17.715,13.335,26-07-2019 24:45:17,26-07-2019 24:45:39,26-07-2019 24:45:39,26-07-2019 24:45:57,26-07-2019 24:45:57,26-07-2019 24:46:10
102,BRSU_Floor0,26-07-2019 24:45:10,1.0,2,3,33.983,13.332,27.649,26-07-2019 24:45:18,26-07-2019 24:45:52,26-07-2019 24:45:52,26-07-2019 24:46:05,26-07-2019 24:46:05,26-07-2019 24:46:33
103,BRSU_Floor0,26-07-2019 24:45:10,1.0,3,3,24.926,14.462,18.952,26-07-2019 24:45:18,26-07-2019 24:45:43,26-07-2019 24:45:43,26-07-2019 24:45:57,26-07-2019 24:45:57,26-07-2019 24:46:16
104,BRSU_Floor0,26-07-2019 24:45:10,1.0,4,3,45.42,13.386,11.297,26-07-2019 24:45:17,26-07-2019 24:46:03,26-07-2019 24:46:03,26-07-2019 24:46:16,26-07-2019 24:46:16,26-07-2019 24:46:27
105,BRSU_Floor0,26-07-2019 24:45:10,1.0,5,3,45.668,8.536,19.113,26-07-2019 24:45:17,26-07-2019 24:46:03,26-07-2019 24:46:03,26-07-2019 24:46:11,26-07-2019 24:46:11,26-07-2019 24:46:30
106,BRSU_Floor0,26-07-2019 24:47:22,0.0,1,3,27.498,11.982,13.274,26-07-2019 24:47:29,26-07-2019 24:47:56,26-07-2019 24:47:56,26-07-2019 24:48:08,26-07-2019 24:48:08,26-07-2019 24:48:21
107,BRSU_Floor0,26-07-2019 24:47:22,0.0,2,3,20.214,13.385,20.694,26-07-2019 24:47:30,26-07-2019 24:47:50,26-07-2019 24:47:50,26-07-2019 24:48:03,26-07-2019 24:48:03,26-07-2019 24:48:24
108,BRSU_Floor0,26-07-2019 24:47:22,0.0,3,3,32.051,19.066,25.203,26-07-2019 24:47:29,26-07-2019 24:48:02,26-07-2019 24:48:02,26-07-2019 24:48:21,26-07-2019 24:48:21,26-07-2019 24:48:46
109,BRSU_Floor0,26-07-2019 24:47:22,0.0,4,3,36.016,25.799,11.657,26-07-2019 24:47:29,26-07-2019 24:48:05,26-07-2019 24:48:05,26-07-2019 24:48:31,26-07-2019 24:48:31,26-07-2019 24:48:43
110,BRSU_Floor0,26-07-2019 24:47:22,0.0,5,3,43.165,8.566,12.831,26-07-2019 24:47:29,26-07-2019 24:48:12,26-07-2019 24:48:12,26-07-2019 24:48:21,26-07-2019 24:48:21,26-07-2019 24:48:34
111,BRSU_Floor0,26-07-2019 24:49:33,0.0,1,3,24.309,11.208,13.164,26-07-2019 24:49:40,26-07-2019 24:50:04,26-07-2019 24:50:04,26-07-2019 24:50:15,26-07-2019 24:50:15,26-07-2019 24:50:29
112,BRSU_Floor0,26-07-2019 24:49:33,0.0,2,3,31.035,13.08,30.941,26-07-2019 24:49:41,26-07-2019 24:50:12,26-07-2019 24:50:12,26-07-2019 24:50:25,26-07-2019 24:50:25,26-07-2019 24:50:56
113,BRSU_Floor0,26-07-2019 24:49:33,0.0,3,3,27.674,19.055,31.267,26-07-2019 24:49:41,26-07-2019 24:50:08,26-07-2019 24:50:08,26-07-2019 24:50:27,26-07-2019 24:50:27,26-07-2019 24:50:59
114,BRSU_Floor0,26-07-2019 24:49:33,0.0,4,3,45.713,12.099,11.59,26-07-2019 24:49:40,26-07-2019 24:50:26,26-07-2019 24:50:26,26-07-2019 24:50:38,26-07-2019 24:50:38,26-07-2019 24:50:50
115,BRSU_Floor0,26-07-2019 24:49:33,0.0,5,3,45.595,8.491,18.539,26-07-2019 24:49:40,26-07-2019 24:50:26,26-07-2019 24:50:26,26-07-2019 24:50:34,26-07-2019 24:50:34,26-07-2019 24:50:53
116,BRSU_Floor0,26-07-2019 24:51:45,2.0,1,3,52.205,11.969,15.169,26-07-2019 24:51:52,26-07-2019 24:52:44,26-07-2019 24:52:44,26-07-2019 24:52:56,26-07-2019 24:52:56,26-07-2019 24:53:11
117,BRSU_Floor0,26-07-2019 24:51:45,2.0,2,3,31.011,13.287,31.053,26-07-2019 24:51:53,26-07-2019 24:52:24,26-07-2019 24:52:24,26-07-2019 24:52:37,26-07-2019 24:52:37,26-07-2019 24:53:08
118,BRSU_Floor0,26-07-2019 24:51:45,2.0,3,3,51.317,13.309,23.342,26-07-2019 24:51:52,26-07-2019 24:52:44,26-07-2019 24:52:44,26-07-2019 24:52:57,26-07-2019 24:52:57,26-07-2019 24:53:20
119,BRSU_Floor0,26-07-2019 24:51:45,2.0,4,3,62.04,12.014,11.666,26-07-2019 24:51:52,26-07-2019 24:52:54,26-07-2019 24:52:54,26-07-2019 24:53:06,26-07-2019 24:53:06,26-07-2019 24:53:18
120,BRSU_Floor0,26-07-2019 24:51:45,2.0,5,3,41.022,17.759,13.969,26-07-2019 24:51:52,26-07-2019 24:52:33,26-07-2019 24:52:33,26-07-2019 24:52:51,26-07-2019 24:52:51,26-07-2019 24:53:05
121,BRSU_Floor0,26-07-2019 24:53:57,0.0,1,3,28.643,10.334,13.65,26-07-2019 24:54:03,26-07-2019 24:54:32,26-07-2019 24:54:32,26-07-2019 24:54:42,26-07-2019 24:54:42,26-07-2019 24:54:56
122,BRSU_Floor0,26-07-2019 24:53:57,0.0,2,3,19.364,13.79,20.515,26-07-2019 24:54:04,26-07-2019 24:54:24,26-07-2019 24:54:24,26-07-2019 24:54:37,26-07-2019 24:54:37,26-07-2019 24:54:58
123,BRSU_Floor0,26-07-2019 24:53:57,0.0,3,3,45.128,19.127,18.015,26-07-2019 24:54:04,26-07-2019 24:54:49,26-07-2019 24:54:49,26-07-2019 24:55:08,26-07-2019 24:55:08,26-07-2019 24:55:26
124,BRSU_Floor0,26-07-2019 24:53:57,0.0,4,3,43.935,21.547,11.658,26-07-2019 24:54:04,26-07-2019 24:54:48,26-07-2019 24:54:48,26-07-2019 24:55:09,26-07-2019 24:55:09,26-07-2019 24:55:21
125,BRSU_Floor0,26-07-2019 24:53:57,0.0,5,3,46.394,8.337,13.084,26-07-2019 24:54:04,26-07-2019 24:54:50,26-07-2019 24:54:50,26-07-2019 24:54:58,26-07-2019 24:54:58,26-07-2019 24:55:11
126,BRSU_Floor0,26-07-2019 24:56:08,0.0,1,3,37.496,18.325,19.429,26-07-2019 24:56:15,26-07-2019 24:56:52,26-07-2019 24:56:52,26-07-2019 24:57:11,26-07-2019 24:57:11,26-07-2019 24:57:30
127,BRSU_Floor0,26-07-2019 24:56:08,0.0,2,3,28.923,13.198,29.498,26-07-2019 24:56:16,26-07-2019 24:56:45,26-07-2019 24:56:45,26-07-2019 24:56:58,26-07-2019 24:56:58,26-07-2019 24:57:28
128,BRSU_Floor0,26-07-2019 24:56:08,0.0,3,3,45.468,14.747,19.752,26-07-2019 24:56:16,26-07-2019 24:57:01,26-07-2019 24:57:01,26-07-2019 24:57:16,26-07-2019 24:57:16,26-07-2019 24:57:36
129,BRSU_Floor0,26-07-2019 24:56:08,0.0,4,3,40.361,14.173,11.863,26-07-2019 24:56:15,26-07-2019 24:56:56,26-07-2019 24:56:56,26-07-2019 24:57:10,26-07-2019 24:57:10,26-07-2019 24:57:22
130,BRSU_Floor0,26-07-2019 24:56:08,0.0,5,3,41.964,8.208,19.33,26-07-2019 24:56:15,26-07-2019 24:56:57,26-07-2019 24:56:57,26-07-2019 24:57:05,26-07-2019 24:57:05,26-07-2019 24:57:25
131,BRSU_Floor0,26-07-2019 24:58:20,0.0,1,3,37.545,21.856,13.574,26-07-2019 24:58:27,26-07-2019 24:59:04,26-07-2019 24:59:04,26-07-2019 24:59:26,26-07-2019 24:59:26,26-07-2019 24:59:40
132,BRSU_Floor0,26-07-2019 24:58:20,0.0,2,3,24.539,13.301,19.863,26-07-2019 24:58:28,26-07-2019 24:58:52,26-07-2019 24:58:52,26-07-2019 24:59:06,26-07-2019 24:59:06,26-07-2019 24:59:26
133,BRSU_Floor0,26-07-2019 24:58:20,0.0,3,3,37.667,18.601,18.389,26-07-2019 24:58:28,26-07-2019 24:59:05,26-07-2019 24:59:05,26-07-2019 24:59:24,26-07-2019 24:59:24,26-07-2019 24:59:42
134,BRSU_Floor0,26-07-2019 24:58:20,0.0,4,3,28.795,14.318,11.854,26-07-2019 24:58:27,26-07-2019 24:58:56,26-07-2019 24:58:56,26-07-2019 24:59:10,26-07-2019 24:59:10,26-07-2019 24:59:22
135,BRSU_Floor0,26-07-2019 24:58:20,0.0,5,3,48.243,8.342,12.998,26-07-2019 24:58:27,26-07-2019 24:59:15,26-07-2019 24:59:15,26-07-2019 24:59:24,26-07-2019 24:59:24,26-07-2019 24:59:37
136,BRSU_Floor0,26-07-2019 01:00:32,2.0,1,3,22.005,10.356,13.834,26-07-2019 01:00:39,26-07-2019 01:01:01,26-07-2019 01:01:01,26-07-2019 01:01:11,26-07-2019 01:01:11,26-07-2019 01:01:25
137,BRSU_Floor0,26-07-2019 01:00:32,2.0,2,3,36.406,13.551,19.325,26-07-2019 01:00:40,26-07-2019 01:01:16,26-07-2019 01:01:16,26-07-2019 01:01:30,26-07-2019 01:01:30,26-07-2019 01:01:49
138,BRSU_Floor0,26-07-2019 01:00:32,2.0,3,3,48.525,19.015,19.739,26-07-2019 01:00:39,26-07-2019 01:01:28,26-07-2019 01:01:28,26-07-2019 01:01:47,26-07-2019 01:01:47,26-07-2019 01:02:07
139,BRSU_Floor0,26-07-2019 01:00:32,2.0,4,3,28.526,26.156,11.453,26-07-2019 01:00:39,26-07-2019 01:01:08,26-07-2019 01:01:08,26-07-2019 01:01:34,26-07-2019 01:01:34,26-07-2019 01:01:45
140,BRSU_Floor0,26-07-2019 01:00:32,2.0,5,3,58.792,8.339,12.789,26-07-2019 01:00:39,26-07-2019 01:01:38,26-07-2019 01:01:38,26-07-2019 01:01:46,26-07-2019 01:01:46,26-07-2019 01:01:59
141,BRSU_Floor0,26-07-2019 01:02:44,1.0,1,3,24.942,10.306,13.667,26-07-2019 01:02:51,26-07-2019 01:03:16,26-07-2019 01:03:16,26-07-2019 01:03:26,26-07-2019 01:03:26,26-07-2019 01:03:39
142,BRSU_Floor0,26-07-2019 01:02:44,1.0,2,3,18.82,13.053,18.891,26-07-2019 01:02:52,26-07-2019 01:03:10,26-07-2019 01:03:10,26-07-2019 01:03:24,26-07-2019 01:03:24,26-07-2019 01:03:42
143,BRSU_Floor0,26-07-2019 01:02:44,1.0,3,3,29.488,20.187,20.662,26-07-2019 01:02:51,26-07-2019 01:03:21,26-07-2019 01:03:21,26-07-2019 01:03:41,26-07-2019 01:03:41,26-07-2019 01:04:02
144,BRSU_Floor0,26-07-2019 01:02:44,1.0,4,3,40.654,12.272,11.442,26-07-2019 01:02:51,26-07-2019 01:03:32,26-07-2019 01:03:32,26-07-2019 01:03:44,26-07-2019 01:03:44,26-07-2019 01:03:55
145,BRSU_Floor0,26-07-2019 01:02:44,1.0,5,3,40.589,8.471,18.506,26-07-2019 01:02:51,26-07-2019 01:03:31,26-07-2019 01:03:31,26-07-2019 01:03:40,26-07-2019 01:03:40,26-07-2019 01:03:58
146,BRSU_Floor0,26-07-2019 01:04:56,1.0,1,3,50.052,14.701,13.359,26-07-2019 01:05:03,26-07-2019 01:05:53,26-07-2019 01:05:53,26-07-2019 01:06:07,26-07-2019 01:06:07,26-07-2019 01:06:21
147,BRSU_Floor0,26-07-2019 01:04:56,1.0,2,3,25.156,13.34,19.939,26-07-2019 01:05:03,26-07-2019 01:05:29,26-07-2019 01:05:29,26-07-2019 01:05:42,26-07-2019 01:05:42,26-07-2019 01:06:02
148,BRSU_Floor0,26-07-2019 01:04:56,1.0,3,3,52.295,13.561,20.011,26-07-2019 01:05:03,26-07-2019 01:05:56,26-07-2019 01:05:56,26-07-2019 01:06:09,26-07-2019 01:06:09,26-07-2019 01:06:29
149,BRSU_Floor0,26-07-2019 01:04:56,1.0,4,3,39.217,19.552,11.698,26-07-2019 01:05:03,26-07-2019 01:05:42,26-07-2019 01:05:42,26-07-2019 01:06:02,26-07-2019 01:06:02,26-07-2019 01:06:13
150,BRSU_Floor0,26-07-2019 01:04:56,1.0,5,3,34.819,8.395,12.641,26-07-2019 01:05:03,26-07-2019 01:05:38,26-07-2019 01:05:38,26-07-2019 01:05:46,26-07-2019 01:05:46,26-07-2019 01:05:59
151,BRSU_Floor0,26-07-2019 01:07:08,1.0,1,3,34.318,22.35,14.848,26-07-2019 01:07:14,26-07-2019 01:07:49,26-07-2019 01:07:49,26-07-2019 01:08:11,26-07-2019 01:08:11,26-07-2019 01:08:26
152,BRSU_Floor0,26-07-2019 01:07:08,1.0,2,3,22.538,12.963,24.452,26-07-2019 01:07:15,26-07-2019 01:07:38,26-07-2019 01:07:38,26-07-2019 01:07:51,26-07-2019 01:07:51,26-07-2019 01:08:15
153,BRSU_Floor0,26-07-2019 01:07:08,1.0,3,3,50.736,13.092,18.202,26-07-2019 01:07:15,26-07-2019 01:08:06,26-07-2019 01:08:06,26-07-2019 01:08:19,26-07-2019 01:08:19,26-07-2019 01:08:37
154,BRSU_Floor0,26-07-2019 01:07:08,1.0,4,3,28.76,27.619,11.349,26-07-2019 01:07:15,26-07-2019 01:07:44,26-07-2019 01:07:44,26-07-2019 01:08:11,26-07-2019 01:08:11,26-07-2019 01:08:23
155,BRSU_Floor0,26-07-2019 01:07:08,1.0,5,3,36.509,8.444,13.005,26-07-2019 01:07:15,26-07-2019 01:07:51,26-07-2019 01:07:51,26-07-2019 01:08:00,26-07-2019 01:08:00,26-07-2019 01:08:13
156,BRSU_Floor0,26-07-2019 01:09:20,2.0,1,3,23.188,25.323,15.605,26-07-2019 01:09:26,26-07-2019 01:09:50,26-07-2019 01:09:50,26-07-2019 01:10:15,26-07-2019 01:10:15,26-07-2019 01:10:31
157,BRSU_Floor0,26-07-2019 01:09:20,2.0,2,3,40.869,13.01,24.367,26-07-2019 01:09:28,26-07-2019 01:10:08,26-07-2019 01:10:08,26-07-2019 01:10:21,26-07-2019 01:10:21,26-07-2019 01:10:46
158,BRSU_Floor0,26-07-2019 01:09:20,2.0,3,3,30.595,13.066,31.924,26-07-2019 01:09:27,26-07-2019 01:09:58,26-07-2019 01:09:58,26-07-2019 01:10:11,26-07-2019 01:10:11,26-07-2019 01:10:43
159,BRSU_Floor0,26-07-2019 01:09:20,2.0,4,3,27.411,21.372,12.0,26-07-2019 01:09:27,26-07-2019 01:09:54,26-07-2019 01:09:54,26-07-2019 01:10:16,26-07-2019 01:10:16,26-07-2019 01:10:28
160,BRSU_Floor0,26-07-2019 01:09:20,2.0,5,3,52.138,8.182,12.98,26-07-2019 01:09:27,26-07-2019 01:10:19,26-07-2019 01:10:19,26-07-2019 01:10:27,26-07-2019 01:10:27,26-07-2019 01:10:40
161,BRSU_Floor0,26-07-2019 01:11:32,0.0,1,3,31.446,11.229,13.47,26-07-2019 01:11:39,26-07-2019 01:12:10,26-07-2019 01:12:10,26-07-2019 01:12:22,26-07-2019 01:12:22,26-07-2019 01:12:35
162,BRSU_Floor0,26-07-2019 01:11:32,0.0,2,3,37.305,13.197,33.503,26-07-2019 01:11:40,26-07-2019 01:12:17,26-07-2019 01:12:17,26-07-2019 01:12:30,26-07-2019 01:12:30,26-07-2019 01:13:04
163,BRSU_Floor0,26-07-2019 01:11:32,0.0,3,3,35.353,17.469,28.929,26-07-2019 01:11:40,26-07-2019 01:12:15,26-07-2019 01:12:15,26-07-2019 01:12:32,26-07-2019 01:12:32,26-07-2019 01:13:01
164,BRSU_Floor0,26-07-2019 01:11:32,0.0,4,3,51.755,12.236,11.715,26-07-2019 01:11:39,26-07-2019 01:12:31,26-07-2019 01:12:31,26-07-2019 01:12:43,26-07-2019 01:12:43,26-07-2019 01:12:55
165,BRSU_Floor0,26-07-2019 01:11:32,0.0,5,3,51.458,8.352,18.606,26-07-2019 01:11:39,26-07-2019 01:12:31,26-07-2019 01:12:31,26-07-2019 01:12:39,26-07-2019 01:12:39,26-07-2019 01:12:58
166,BRSU_Floor0,26-07-2019 01:13:44,0.0,1,3,23.035,10.336,13.209,26-07-2019 01:13:51,26-07-2019 01:14:14,26-07-2019 01:14:14,26-07-2019 01:14:24,26-07-2019 01:14:24,26-07-2019 01:14:37
167,BRSU_Floor0,26-07-2019 01:13:44,0.0,2,3,37.865,18.105,18.643,26-07-2019 01:13:52,26-07-2019 01:14:30,26-07-2019 01:14:30,26-07-2019 01:14:48,26-07-2019 01:14:48,26-07-2019 01:15:07
168,BRSU_Floor0,26-07-2019 01:13:44,0.0,3,3,28.028,13.231,24.327,26-07-2019 01:13:52,26-07-2019 01:14:20,26-07-2019 01:14:20,26-07-2019 01:14:33,26-07-2019 01:14:33,26-07-2019 01:14:57
169,BRSU_Floor0,26-07-2019 01:13:44,0.0,4,3,41.031,16.162,11.871,26-07-2019 01:13:51,26-07-2019 01:14:32,26-07-2019 01:14:32,26-07-2019 01:14:49,26-07-2019 01:14:49,26-07-2019 01:15:00
170,BRSU_Floor0,26-07-2019 01:13:44,0.0,5,3,42.043,8.337,12.582,26-07-2019 01:13:51,26-07-2019 01:14:33,26-07-2019 01:14:33,26-07-2019 01:14:42,26-07-2019 01:14:42,26-07-2019 01:14:54
171,BRSU_Floor0,26-07-2019 01:15:56,0.0,1,3,26.74,14.056,13.105,26-07-2019 01:16:03,26-07-2019 01:16:30,26-07-2019 01:16:30,26-07-2019 01:16:44,26-07-2019 01:16:44,26-07-2019 01:16:57
172,BRSU_Floor0,26-07-2019 01:15:56,0.0,2,3,35.024,13.157,27.903,26-07-2019 01:16:04,26-07-2019 01:16:39,26-07-2019 01:16:39,26-07-2019 01:16:52,26-07-2019 01:16:52,26-07-2019 01:17:20
173,BRSU_Floor0,26-07-2019 01:15:56,0.0,3,3,31.45,12.983,33.624,26-07-2019 01:16:04,26-07-2019 01:16:35,26-07-2019 01:16:35,26-07-2019 01:16:48,26-07-2019 01:16:48,26-07-2019 01:17:22
174,BRSU_Floor0,26-07-2019 01:15:56,0.0,4,3,45.961,12.489,11.407,26-07-2019 01:16:03,26-07-2019 01:16:49,26-07-2019 01:16:49,26-07-2019 01:17:02,26-07-2019 01:17:02,26-07-2019 01:17:13
175,BRSU_Floor0,26-07-2019 01:15:56,0.0,5,3,45.646,8.217,19.484,26-07-2019 01:16:03,26-07-2019 01:16:49,26-07-2019 01:16:49,26-07-2019 01:16:57,26-07-2019 01:16:57,26-07-2019 01:17:17
176,BRSU_Floor0,26-07-2019 01:18:09,0.0,1,3,28.29,10.201,13.108,26-07-2019 01:18:15,26-07-2019 01:18:44,26-07-2019 01:18:44,26-07-2019 01:18:54,26-07-2019 01:18:54,26-07-2019 01:19:07
177,BRSU_Floor0,26-07-2019 01:18:09,0.0,2,3,44.764,17.612,25.737,26-07-2019 01:18:17,26-07-2019 01:19:01,26-07-2019 01:19:01,26-07-2019 01:19:19,26-07-2019 01:19:19,26-07-2019 01:19:45
178,BRSU_Floor0,26-07-2019 01:18:09,0.0,3,3,43.385,22.451,17.939,26-07-2019 01:18:16,26-07-2019 01:19:00,26-07-2019 01:19:00,26-07-2019 01:19:22,26-07-2019 01:19:22,26-07-2019 01:19:40
179,BRSU_Floor0,26-07-2019 01:18:09,0.0,4,3,48.102,19.313,11.56,26-07-2019 01:18:16,26-07-2019 01:19:04,26-07-2019 01:19:04,26-07-2019 01:19:23,26-07-2019 01:19:23,26-07-2019 01:19:35
180,BRSU_Floor0,26-07-2019 01:18:09,0.0,5,3,48.599,8.436,12.747,26-07-2019 01:18:16,26-07-2019 01:19:04,26-07-2019 01:19:04,26-07-2019 01:19:13,26-07-2019 01:19:13,26-07-2019 01:19:26
181,BRSU_Floor0,26-07-2019 01:20:21,0.0,1,3,36.463,10.261,13.445,26-07-2019 01:20:28,26-07-2019 01:21:04,26-07-2019 01:21:04,26-07-2019 01:21:15,26-07-2019 01:21:15,26-07-2019 01:21:28
182,BRSU_Floor0,26-07-2019 01:20:21,0.0,2,3,24.085,13.36,32.982,26-07-2019 01:20:29,26-07-2019 01:20:53,26-07-2019 01:20:53,26-07-2019 01:21:06,26-07-2019 01:21:06,26-07-2019 01:21:39
183,BRSU_Floor0,26-07-2019 01:20:21,0.0,3,3,31.326,14.27,26.976,26-07-2019 01:20:29,26-07-2019 01:21:00,26-07-2019 01:21:00,26-07-2019 01:21:14,26-07-2019 01:21:14,26-07-2019 01:21:41
184,BRSU_Floor0,26-07-2019 01:20:21,0.0,4,3,43.51,12.241,11.46,26-07-2019 01:20:28,26-07-2019 01:21:12,26-07-2019 01:21:12,26-07-2019 01:21:24,26-07-2019 01:21:24,26-07-2019 01:21:36
185,BRSU_Floor0,26-07-2019 01:20:21,0.0,5,3,56.57,8.442,12.682,26-07-2019 01:20:28,26-07-2019 01:21:25,26-07-2019 01:21:25,26-07-2019 01:21:33,26-07-2019 01:21:33,26-07-2019 01:21:46
186,BRSU_Floor0,26-07-2019 01:22:33,1.0,1,3,42.777,14.48,15.171,26-07-2019 01:22:40,26-07-2019 01:23:23,26-07-2019 01:23:23,26-07-2019 01:23:38,26-07-2019 01:23:38,26-07-2019 01:23:53
187,BRSU_Floor0,26-07-2019 01:22:33,1.0,2,3,29.095,13.264,26.091,26-07-2019 01:22:41,26-07-2019 01:23:10,26-07-2019 01:23:10,26-07-2019 01:23:24,26-07-2019 01:23:24,26-07-2019 01:23:50
188,BRSU_Floor0,26-07-2019 01:22:33,1.0,3,3,39.838,19.028,20.285,26-07-2019 01:22:41,26-07-2019 01:23:21,26-07-2019 01:23:21,26-07-2019 01:23:40,26-07-2019 01:23:40,26-07-2019 01:24:00
189,BRSU_Floor0,26-07-2019 01:22:33,1.0,4,3,49.01,12.572,12.196,26-07-2019 01:22:41,26-07-2019 01:23:30,26-07-2019 01:23:30,26-07-2019 01:23:42,26-07-2019 01:23:42,26-07-2019 01:23:55
190,BRSU_Floor0,26-07-2019 01:22:33,1.0,5,3,43.363,9.378,12.615,26-07-2019 01:22:41,26-07-2019 01:23:24,26-07-2019 01:23:24,26-07-2019 01:23:33,26-07-2019 01:23:33,26-07-2019 01:23:46
191,BRSU_Floor0,26-07-2019 01:24:46,0.0,1,3,20.605,10.174,13.187,26-07-2019 01:24:53,26-07-2019 01:25:13,26-07-2019 01:25:13,26-07-2019 01:25:23,26-07-2019 01:25:23,26-07-2019 01:25:36
192,BRSU_Floor0,26-07-2019 01:24:46,0.0,2,3,36.384,16.267,24.453,26-07-2019 01:24:54,26-07-2019 01:25:30,26-07-2019 01:25:30,26-07-2019 01:25:46,26-07-2019 01:25:46,26-07-2019 01:26:11
193,BRSU_Floor0,26-07-2019 01:24:46,0.0,3,3,32.889,22.972,18.251,26-07-2019 01:24:53,26-07-2019 01:25:26,26-07-2019 01:25:26,26-07-2019 01:25:49,26-07-2019 01:25:49,26-07-2019 01:26:07
194,BRSU_Floor0,26-07-2019 01:24:46,0.0,4,3,36.061,21.59,11.553,26-07-2019 01:24:53,26-07-2019 01:25:29,26-07-2019 01:25:29,26-07-2019 01:25:51,26-07-2019 01:25:51,26-07-2019 01:26:02
195,BRSU_Floor0,26-07-2019 01:24:46,0.0,5,3,38.603,8.335,12.909,26-07-2019 01:24:53,26-07-2019 01:25:31,26-07-2019 01:25:31,26-07-2019 01:25:40,26-07-2019 01:25:40,26-07-2019 01:25:53
196,BRSU_Floor0,26-07-2019 01:26:58,0.0,1,3,31.495,10.27,13.238,26-07-2019 01:27:05,26-07-2019 01:27:36,26-07-2019 01:27:36,26-07-2019 01:27:47,26-07-2019 01:27:47,26-07-2019 01:28:00
197,BRSU_Floor0,26-07-2019 01:26:58,0.0,2,3,47.563,14.939,18.55,26-07-2019 01:27:06,26-07-2019 01:27:54,26-07-2019 01:27:54,26-07-2019 01:28:09,26-07-2019 01:28:09,26-07-2019 01:28:27
198,BRSU_Floor0,26-07-2019 01:26:58,0.0,3,3,35.942,13.039,28.562,26-07-2019 01:27:06,26-07-2019 01:27:42,26-07-2019 01:27:42,26-07-2019 01:27:55,26-07-2019 01:27:55,26-07-2019 01:28:23
199,BRSU_Floor0,26-07-2019 01:26:58,0.0,4,3,47.466,15.898,11.58,26-07-2019 01:27:05,26-07-2019 01:27:53,26-07-2019 01:27:53,26-07-2019 01:28:09,26-07-2019 01:28:09,26-07-2019 01:28:20
200,BRSU_Floor0,26-07-2019 01:26:58,0.0,5,3,49.281,8.33,12.539,26-07-2019 01:27:05,26-07-2019 01:27:55,26-07-2019 01:27:55,26-07-2019 01:28:03,26-07-2019 01:28:03,26-07-2019 01:28:15
201,BRSU_Floor0,26-07-2019 01:29:11,1.0,1,3,27.891,13.341,16.226,26-07-2019 01:29:18,26-07-2019 01:29:46,26-07-2019 01:29:46,26-07-2019 01:29:59,26-07-2019 01:29:59,26-07-2019 01:30:15
202,BRSU_Floor0,26-07-2019 01:29:11,1.0,2,3,32.792,13.091,30.011,26-07-2019 01:29:19,26-07-2019 01:29:52,26-07-2019 01:29:52,26-07-2019 01:30:05,26-07-2019 01:30:05,26-07-2019 01:30:35
203,BRSU_Floor0,26-07-2019 01:29:11,1.0,3,3,36.723,13.138,21.849,26-07-2019 01:29:19,26-07-2019 01:29:55,26-07-2019 01:29:55,26-07-2019 01:30:08,26-07-2019 01:30:08,26-07-2019 01:30:30
204,BRSU_Floor0,26-07-2019 01:29:11,1.0,4,3,48.378,12.206,13.285,26-07-2019 01:29:18,26-07-2019 01:30:07,26-07-2019 01:30:07,26-07-2019 01:30:19,26-07-2019 01:30:19,26-07-2019 01:30:32
205,BRSU_Floor0,26-07-2019 01:29:11,1.0,5,3,47.975,8.232,12.651,26-07-2019 01:29:18,26-07-2019 01:30:06,26-07-2019 01:30:06,26-07-2019 01:30:14,26-07-2019 01:30:14,26-07-2019 01:30:27
206,BRSU_Floor0,26-07-2019 01:31:24,0.0,1,3,32.987,22.877,17.555,26-07-2019 01:31:30,26-07-2019 01:32:03,26-07-2019 01:32:03,26-07-2019 01:32:26,26-07-2019 01:32:26,26-07-2019 01:32:44
207,BRSU_Floor0,26-07-2019 01:31:24,0.0,2,3,19.525,13.502,20.394,26-07-2019 01:31:31,26-07-2019 01:31:51,26-07-2019 01:31:51,26-07-2019 01:32:04,26-07-2019 01:32:04,26-07-2019 01:32:25
208,BRSU_Floor0,26-07-2019 01:31:24,0.0,3,3,35.886,14.885,23.681,26-07-2019 01:31:31,26-07-2019 01:32:07,26-07-2019 01:32:07,26-07-2019 01:32:22,26-07-2019 01:32:22,26-07-2019 01:32:46
209,BRSU_Floor0,26-07-2019 01:31:24,0.0,4,3,38.646,16.945,11.361,26-07-2019 01:31:31,26-07-2019 01:32:10,26-07-2019 01:32:10,26-07-2019 01:32:26,26-07-2019 01:32:26,26-07-2019 01:32:38
210,BRSU_Floor0,26-07-2019 01:31:24,0.0,5,3,42.69,8.342,19.119,26-07-2019 01:31:31,26-07-2019 01:32:13,26-07-2019 01:32:13,26-07-2019 01:32:22,26-07-2019 01:32:22,26-07-2019 01:32:41
211,BRSU_Floor0,26-07-2019 01:33:36,0.0,1,3,33.261,14.556,20.124,26-07-2019 01:33:43,26-07-2019 01:34:16,26-07-2019 01:34:16,26-07-2019 01:34:31,26-07-2019 01:34:31,26-07-2019 01:34:51
212,BRSU_Floor0,26-07-2019 01:33:36,0.0,2,3,21.292,12.986,34.881,26-07-2019 01:33:44,26-07-2019 01:34:05,26-07-2019 01:34:05,26-07-2019 01:34:18,26-07-2019 01:34:18,26-07-2019 01:34:53
213,BRSU_Floor0,26-07-2019 01:33:36,0.0,3,3,34.613,17.375,24.784,26-07-2019 01:33:44,26-07-2019 01:34:18,26-07-2019 01:34:18,26-07-2019 01:34:36,26-07-2019 01:34:36,26-07-2019 01:35:01
214,BRSU_Floor0,26-07-2019 01:33:36,0.0,4,3,37.235,15.099,11.234,26-07-2019 01:33:44,26-07-2019 01:34:21,26-07-2019 01:34:21,26-07-2019 01:34:36,26-07-2019 01:34:36,26-07-2019 01:34:47
215,BRSU_Floor0,26-07-2019 01:33:36,0.0,5,3,53.352,8.196,13.056,26-07-2019 01:33:43,26-07-2019 01:34:37,26-07-2019 01:34:37,26-07-2019 01:34:45,26-07-2019 01:34:45,26-07-2019 01:34:58
216,BRSU_Floor0,26-07-2019 01:35:49,0.0,1,3,39.065,17.967,16.71,26-07-2019 01:35:57,26-07-2019 01:36:36,26-07-2019 01:36:36,26-07-2019 01:36:54,26-07-2019 01:36:54,26-07-2019 01:37:11
217,BRSU_Floor0,26-07-2019 01:35:49,0.0,2,3,26.6,13.299,29.639,26-07-2019 01:35:58,26-07-2019 01:36:25,26-07-2019 01:36:25,26-07-2019 01:36:38,26-07-2019 01:36:38,26-07-2019 01:37:08
218,BRSU_Floor0,26-07-2019 01:35:49,0.0,3,3,48.696,13.278,20.056,26-07-2019 01:35:58,26-07-2019 01:36:46,26-07-2019 01:36:46,26-07-2019 01:37:00,26-07-2019 01:37:00,26-07-2019 01:37:20
219,BRSU_Floor0,26-07-2019 01:35:49,0.0,4,3,31.903,14.891,11.475,26-07-2019 01:35:57,26-07-2019 01:36:29,26-07-2019 01:36:29,26-07-2019 01:36:44,26-07-2019 01:36:44,26-07-2019 01:36:55
220,BRSU_Floor0,26-07-2019 01:35:49,0.0,5,3,39.521,12.306,12.758,26-07-2019 01:35:57,26-07-2019 01:36:37,26-07-2019 01:36:37,26-07-2019 01:36:49,26-07-2019 01:36:49,26-07-2019 01:37:02
221,BRSU_Floor0,26-07-2019 01:38:02,1.0,1,3,40.775,17.139,13.68,26-07-2019 01:38:08,26-07-2019 01:38:49,26-07-2019 01:38:49,26-07-2019 01:39:06,26-07-2019 01:39:06,26-07-2019 01:39:20
222,BRSU_Floor0,26-07-2019 01:38:02,1.0,2,3,20.008,13.183,27.768,26-07-2019 01:38:09,26-07-2019 01:38:29,26-07-2019 01:38:29,26-07-2019 01:38:43,26-07-2019 01:38:43,26-07-2019 01:39:10
223,BRSU_Floor0,26-07-2019 01:38:02,1.0,3,3,42.395,13.701,17.879,26-07-2019 01:38:09,26-07-2019 01:38:52,26-07-2019 01:38:52,26-07-2019 01:39:05,26-07-2019 01:39:05,26-07-2019 01:39:23
224,BRSU_Floor0,26-07-2019 01:38:02,1.0,4,3,54.33,13.245,11.357,26-07-2019 01:38:09,26-07-2019 01:39:03,26-07-2019 01:39:03,26-07-2019 01:39:16,26-07-2019 01:39:16,26-07-2019 01:39:28
225,BRSU_Floor0,26-07-2019 01:38:02,1.0,5,3,29.69,16.074,12.851,26-07-2019 01:38:09,26-07-2019 01:38:38,26-07-2019 01:38:38,26-07-2019 01:38:54,26-07-2019 01:38:54,26-07-2019 01:39:07
226,BRSU_Floor0,26-07-2019 01:40:15,0.0,1,3,31.658,23.539,19.398,26-07-2019 01:40:21,26-07-2019 01:40:53,26-07-2019 01:40:53,26-07-2019 01:41:17,26-07-2019 01:41:17,26-07-2019 01:41:36
227,BRSU_Floor0,26-07-2019 01:40:15,0.0,2,3,25.734,13.032,25.812,26-07-2019 01:40:22,26-07-2019 01:40:48,26-07-2019 01:40:48,26-07-2019 01:41:01,26-07-2019 01:41:01,26-07-2019 01:41:27
228,BRSU_Floor0,26-07-2019 01:40:15,0.0,3,3,37.347,17.71,20.988,26-07-2019 01:40:22,26-07-2019 01:40:59,26-07-2019 01:40:59,26-07-2019 01:41:17,26-07-2019 01:41:17,26-07-2019 01:41:38
229,BRSU_Floor0,26-07-2019 01:40:15,0.0,4,3,40.694,18.498,11.382,26-07-2019 01:40:22,26-07-2019 01:41:03,26-07-2019 01:41:03,26-07-2019 01:41:21,26-07-2019 01:41:21,26-07-2019 01:41:32
230,BRSU_Floor0,26-07-2019 01:40:15,0.0,5,3,40.756,8.447,12.556,26-07-2019 01:40:22,26-07-2019 01:41:02,26-07-2019 01:41:02,26-07-2019 01:41:11,26-07-2019 01:41:11,26-07-2019 01:41:23
231,BRSU_Floor0,26-07-2019 01:42:28,0.0,1,3,42.976,14.76,21.49,26-07-2019 01:42:34,26-07-2019 01:43:17,26-07-2019 01:43:17,26-07-2019 01:43:32,26-07-2019 01:43:32,26-07-2019 01:43:53
232,BRSU_Floor0,26-07-2019 01:42:28,0.0,2,3,25.382,13.07,34.38,26-07-2019 01:42:35,26-07-2019 01:43:01,26-07-2019 01:43:01,26-07-2019 01:43:14,26-07-2019 01:43:14,26-07-2019 01:43:48
233,BRSU_Floor0,26-07-2019 01:42:28,0.0,3,3,29.872,13.183,32.112,26-07-2019 01:42:35,26-07-2019 01:43:05,26-07-2019 01:43:05,26-07-2019 01:43:18,26-07-2019 01:43:18,26-07-2019 01:43:50
234,BRSU_Floor0,26-07-2019 01:42:28,0.0,4,3,44.036,12.075,11.548,26-07-2019 01:42:35,26-07-2019 01:43:19,26-07-2019 01:43:19,26-07-2019 01:43:31,26-07-2019 01:43:31,26-07-2019 01:43:42
235,BRSU_Floor0,26-07-2019 01:42:28,0.0,5,3,43.267,8.26,19.318,26-07-2019 01:42:34,26-07-2019 01:43:18,26-07-2019 01:43:18,26-07-2019 01:43:26,26-07-2019 01:43:26,26-07-2019 01:43:45
236,BRSU_Floor0,26-07-2019 01:44:41,1.0,1,3,40.001,11.062,20.867,26-07-2019 01:44:48,26-07-2019 01:45:28,26-07-2019 01:45:28,26-07-2019 01:45:39,26-07-2019 01:45:39,26-07-2019 01:45:59
237,BRSU_Floor0,26-07-2019 01:44:41,1.0,2,3,33.838,16.046,23.517,26-07-2019 01:44:49,26-07-2019 01:45:22,26-07-2019 01:45:22,26-07-2019 01:45:38,26-07-2019 01:45:38,26-07-2019 01:46:02
238,BRSU_Floor0,26-07-2019 01:44:41,1.0,3,3,23.707,13.317,31.536,26-07-2019 01:44:48,26-07-2019 01:45:12,26-07-2019 01:45:12,26-07-2019 01:45:25,26-07-2019 01:45:25,26-07-2019 01:45:57
239,BRSU_Floor0,26-07-2019 01:44:41,1.0,4,3,37.229,14.226,11.653,26-07-2019 01:44:48,26-07-2019 01:45:25,26-07-2019 01:45:25,26-07-2019 01:45:39,26-07-2019 01:45:39,26-07-2019 01:45:51
240,BRSU_Floor0,26-07-2019 01:44:41,1.0,5,3,38.974,8.445,18.676,26-07-2019 01:44:48,26-07-2019 01:45:27,26-07-2019 01:45:27,26-07-2019 01:45:35,26-07-2019 01:45:35,26-07-2019 01:45:54
241,BRSU_Floor0,26-07-2019 01:46:54,0.0,1,3,45.749,10.15,13.161,26-07-2019 01:47:01,26-07-2019 01:47:46,26-07-2019 01:47:46,26-07-2019 01:47:57,26-07-2019 01:47:57,26-07-2019 01:48:10
242,BRSU_Floor0,26-07-2019 01:46:54,0.0,2,3,19.76,15.588,18.501,26-07-2019 01:47:02,26-07-2019 01:47:22,26-07-2019 01:47:22,26-07-2019 01:47:37,26-07-2019 01:47:37,26-07-2019 01:47:56
243,BRSU_Floor0,26-07-2019 01:46:54,0.0,3,3,32.808,19.566,24.492,26-07-2019 01:47:02,26-07-2019 01:47:34,26-07-2019 01:47:34,26-07-2019 01:47:54,26-07-2019 01:47:54,26-07-2019 01:48:19
244,BRSU_Floor0,26-07-2019 01:46:54,0.0,4,3,48.625,12.13,14.361,26-07-2019 01:47:01,26-07-2019 01:47:50,26-07-2019 01:47:50,26-07-2019 01:48:02,26-07-2019 01:48:02,26-07-2019 01:48:16
245,BRSU_Floor0,26-07-2019 01:46:54,0.0,5,3,23.576,13.088,12.716,26-07-2019 01:47:01,26-07-2019 01:47:25,26-07-2019 01:47:25,26-07-2019 01:47:38,26-07-2019 01:47:38,26-07-2019 01:47:50
246,BRSU_Floor0,26-07-2019 01:49:07,3.0,1,3,33.018,16.997,15.526,26-07-2019 01:49:14,26-07-2019 01:49:47,26-07-2019 01:49:47,26-07-2019 01:50:04,26-07-2019 01:50:04,26-07-2019 01:50:19
247,BRSU_Floor0,26-07-2019 01:49:07,3.0,2,3,32.802,13.52,21.396,26-07-2019 01:49:15,26-07-2019 01:49:48,26-07-2019 01:49:48,26-07-2019 01:50:01,26-07-2019 01:50:01,26-07-2019 01:50:22
248,BRSU_Floor0,26-07-2019 01:49:07,3.0,3,3,44.238,23.674,19.915,26-07-2019 01:49:14,26-07-2019 01:49:59,26-07-2019 01:49:59,26-07-2019 01:50:22,26-07-2019 01:50:22,26-07-2019 01:50:42
249,BRSU_Floor0,26-07-2019 01:49:07,3.0,4,3,55.616,12.423,11.442,26-07-2019 01:49:14,26-07-2019 01:50:10,26-07-2019 01:50:10,26-07-2019 01:50:22,26-07-2019 01:50:22,26-07-2019 01:50:34
250,BRSU_Floor0,26-07-2019 01:49:07,3.0,5,3,21.784,25.558,12.874,26-07-2019 01:49:14,26-07-2019 01:49:36,26-07-2019 01:49:36,26-07-2019 01:50:01,26-07-2019 01:50:01,26-07-2019 01:50:14
